{
    "order": 3,
    "coefficients": [
        0.6297304594049975,
        -46.31051729537931,
        858.4450412202391,
        -4149.133820289124
    ],
    "equation": "0.630\u00b7t^3 + -46.311\u00b7t^2 + 858.445\u00b7t + -4149.134",
    "total_irradiance": 3852
}